username,hash_value
admin_user,b7e6390a221a885699d6c48d47ff817c8e43d548445b3427da06eb6a3ce2eb67
sec_officer,acefa4443425735abea199649d70ef27c429af59772a698e76428d7edef89af5
dev_lead,d127227ac21c4a885d9c07e3e7265c7c0c58333b2faec9209a94c9d06836918c
analyst_01,2806593b1a899853328fbe2ce3a0200ed537502696e2b7e04e6887b0a59f47bb
auditor,17b655ac2b9fcc2be64101ed13e1073e598752cf049eef68868be134530e0122
net_admin,db0cd84e9d6428eb4508d1d105b85fe158402e514d91abf795d1f55482e9bce1
db_admin,5f2f0bfc1caa5fdefde8d6e08d6da2dff27c931c49951313964944743a1b9761
crypto_user,e3ce82aeb3f179ee11b64a628fb867102093902c6661fd570ab79aa0fe7142ea
test_user,d112c562a7cf23c305ebf3cbf4066a019a041e92fcc52268e6266a7217edb1e0
